ID,Cluster,ClusterName,Query,CR,G,AR,RTS,EmbedMs,DenseMs,RerankMs,GenMs,TotalMs,Error
S01,1,Prasyarat Seminar Proposal,Berapa minimal SKS yang harus sudah lulus untuk bisa mendaftar seminar proposal skripsi di FTI UII?,0.0000,0.0000,0.0000,0.0000,0,0,0,0,0,"RAG generation failed for S01: retrieval failed: pinecone dense retrieval failed: pinecone query request failed: Post ""https://aurarags-r3mz0ei.svc.aped-4627-b74a.pinecone.io/query"": net/http: TLS handshake timeout"
S02,1,Prasyarat Seminar Proposal,Saya punya satu nilai E di semester 2 dulu karena sakit. Apakah saya masih bisa mendaftar sempro?,0.0000,0.0000,0.0000,0.0000,0,0,0,0,0,"RAG generation failed for S02: retrieval failed: failed to embed query: cohere embed request failed: Post ""https://api.cohere.com/v1/embed"": read tcp 192.168.58.106:51927->34.96.76.122:443: read: operation timed out"
S03,1,Prasyarat Seminar Proposal,"IPK saya sekarang 1.99, kurang dari 2.00. Apakah saya boleh mendaftar seminar proposal skripsi?",0.6000,0.3000,1.0000,0.5000,4803,1334,350,4882,11370,
S04,1,Prasyarat Seminar Proposal,Saya belum mengambil mata kuliah Metodologi Penelitian sama sekali. Bisakah saya langsung daftar sempro?,0.6000,0.2000,1.0000,0.3913,299,323,330,4064,5018,
S05,1,Prasyarat Seminar Proposal,Saya sudah lulus Metodologi Penelitian dengan nilai D. Apakah nilai D cukup untuk syarat sempro?,0.6000,0.2000,1.0000,0.3913,357,293,334,3269,4254,
S06,1,Prasyarat Seminar Proposal,Draf proposal saya sudah selesai tapi dosen pembimbing belum menandatanganinya. Apakah saya bisa daftar sempro?,0.6000,0.2000,1.0000,0.3913,338,477,335,3491,4644,
S07,1,Prasyarat Seminar Proposal,"Saya sudah 115 SKS lulus, IPK 2.30, tidak ada nilai E, sudah lulus Metodologi Penelitian B, dan proposal sudah ditandatangani pembimbing. Apakah saya sudah memenuhi syarat sempro?",0.6000,0.2000,1.0000,0.3913,350,323,341,4005,5021,
S08,1,Prasyarat Seminar Proposal,Apa saja dokumen yang harus saya siapkan untuk mendaftar seminar proposal skripsi?,0.6000,0.1000,1.0000,0.2368,298,316,319,3330,4265,
S09,1,Prasyarat Seminar Proposal,Apakah batas minimal IPK untuk sempro berbeda antara jurusan Informatika dan Teknik Industri di FTI?,0.4000,0.2000,1.0000,0.3529,299,318,340,2991,3950,
S10,1,Prasyarat Seminar Proposal,"Saya sudah 110 SKS lulus persis, IPK 2.05, tidak ada nilai E, lulus Metodologi Penelitian dengan C, dan proposal sudah ditandatangani. Apakah saya lolos syarat?",0.6000,0.3000,1.0000,0.5000,366,411,517,4311,5606,
S11,2,Beban SKS Semester & IPS,IPS saya semester lalu 3.50. Berapa maksimal SKS yang boleh saya ambil semester ini?,0.6000,0.3000,1.0000,0.5000,300,305,614,2778,3999,
S12,2,Beban SKS Semester & IPS,Saya mendapat IPS 2.75 di semester kemarin. Berapa batas SKS yang bisa saya ambil semester berikutnya?,0.6000,0.3000,1.0000,0.5000,309,305,512,3038,4166,
S13,2,Beban SKS Semester & IPS,IPS saya tepat 2.50. Berapa SKS maksimal yang diperbolehkan untuk semester depan?,0.6000,0.2000,1.0000,0.3913,349,397,409,3238,4395,
S14,2,Beban SKS Semester & IPS,IPS saya 2.20. Berapa SKS yang boleh saya ambil semester depan?,0.6000,0.3000,1.0000,0.5000,308,420,323,2220,3272,
S15,2,Beban SKS Semester & IPS,IPS saya 1.80 semester ini. Berapa batas maksimal SKS yang bisa saya programkan?,0.6000,0.3000,1.0000,0.5000,516,429,393,3049,4389,
S16,2,Beban SKS Semester & IPS,IPS saya hanya 1.20 semester lalu. Berapa SKS maksimal yang boleh saya ambil?,0.7000,0.3000,1.0000,0.5207,312,407,401,2978,4100,
S17,2,Beban SKS Semester & IPS,IPS saya tepat 3.00. Apakah saya bisa mengambil 24 SKS semester depan?,0.6000,0.6000,1.0000,0.6923,323,496,423,2938,4181,
S18,2,Beban SKS Semester & IPS,Apakah ada aturan beban SKS khusus untuk mahasiswa yang sedang mengerjakan skripsi?,0.6000,0.3000,1.0000,0.5000,385,306,407,3083,4182,
S19,2,Beban SKS Semester & IPS,"Saya mahasiswa baru semester pertama, belum punya IPS. Berapa SKS yang boleh saya ambil?",0.6000,0.6000,0.7000,0.6300,331,307,409,2366,3414,
S20,2,Beban SKS Semester & IPS,IPS saya 2.49. Apakah saya bisa mengambil 20 SKS semester depan?,0.6000,0.4000,1.0000,0.5806,678,410,334,3451,4875,
S21,3,Masa Berlaku SK & Dosen Pembimbing,Berapa lama masa berlaku SK dosen pembimbing skripsi di FTI UII setelah diterbitkan?,0.7000,0.3000,1.0000,0.5207,322,292,324,3287,4227,
S22,3,Masa Berlaku SK & Dosen Pembimbing,SK pembimbing saya terbit bulan Januari. Sampai kapan SK tersebut berlaku tanpa perpanjangan?,0.7000,0.3000,1.0000,0.5207,295,313,405,2968,3982,
S23,3,Masa Berlaku SK & Dosen Pembimbing,SK saya sudah habis masa berlakunya. Apakah bisa diperpanjang dan bagaimana caranya?,0.6000,0.2000,1.0000,0.3913,309,310,404,3870,4896,
S24,3,Masa Berlaku SK & Dosen Pembimbing,Saya sudah pernah memperpanjang SK sekali sebelumnya. Apakah bisa diperpanjang lagi untuk kedua kalinya?,0.2000,0.3000,1.0000,0.3214,396,378,392,3223,4391,
S25,3,Masa Berlaku SK & Dosen Pembimbing,Dokumen apa yang dibutuhkan untuk mengajukan perpanjangan SK dosen pembimbing?,0.2000,0.2000,1.0000,0.2727,398,300,324,2675,3698,
S26,3,Masa Berlaku SK & Dosen Pembimbing,Berapa lama perpanjangan SK dosen pembimbing yang diizinkan setelah masa berlaku pertama habis?,0.7000,0.2000,1.0000,0.4038,304,307,329,2847,3788,
S27,3,Masa Berlaku SK & Dosen Pembimbing,Apakah saya perlu logbook bimbingan untuk mengajukan perpanjangan SK pembimbing?,0.6000,0.1000,1.0000,0.2368,317,302,411,3851,4883,
S28,3,Masa Berlaku SK & Dosen Pembimbing,SK saya terbit 7 bulan yang lalu dan belum diperpanjang. Apakah SK saya masih berlaku?,0.7000,0.3000,1.0000,0.5207,423,411,363,3073,4271,
S29,3,Masa Berlaku SK & Dosen Pembimbing,Dosen pembimbing saya mengundurkan diri. Apakah saya harus meminta SK baru dan bagaimana prosedurnya?,0.6000,0.4000,0.7000,0.5362,370,342,412,3712,4837,
S30,3,Masa Berlaku SK & Dosen Pembimbing,Apakah perpanjangan SK pembimbing memerlukan persetujuan dari dosen pembimbing itu sendiri?,0.6000,0.4000,0.9000,0.5684,480,380,368,2981,4210,
S31,4,Batas Turnitin & Plagiarisme,Berapa persen maksimal similarity index Turnitin yang diperbolehkan untuk skripsi di FTI UII?,0.6000,0.3000,1.0000,0.5000,303,311,516,3284,4416,
S32,4,Batas Turnitin & Plagiarisme,Hasil cek Turnitin skripsi saya menunjukkan similarity 21%. Apakah ini sudah melewati batas yang diizinkan?,0.7000,0.2000,1.0000,0.4038,460,306,511,2893,4172,
S33,4,Batas Turnitin & Plagiarisme,Apakah daftar pustaka/bibliography turut dihitung dalam similarity index Turnitin untuk skripsi FTI?,0.2000,0.2000,1.0000,0.2727,436,287,531,3280,4536,
S34,4,Batas Turnitin & Plagiarisme,Apakah kutipan langsung (quotes) dihitung dalam similarity Turnitin untuk pengumpulan skripsi?,0.2000,0.0000,1.0000,0.0000,368,354,413,3296,4432,
S35,4,Batas Turnitin & Plagiarisme,Similarity Turnitin saya 19%. Apakah skripsi saya aman untuk dikumpulkan ke FTI?,0.6000,0.2000,1.0000,0.3913,410,512,340,3903,5167,
S36,4,Batas Turnitin & Plagiarisme,Bagaimana cara menghitung similarity Turnitin yang benar — apakah bibliography dan quotes dimasukkan atau dikecualikan?,0.2000,0.3000,1.0000,0.3214,347,275,339,3671,4634,
S37,4,Batas Turnitin & Plagiarisme,Saya ingin tahu apakah ada pengecualian khusus untuk similarity Turnitin bagi mahasiswa yang menulis dalam bahasa asing.,0.3000,0.2000,1.0000,0.3214,293,271,322,3382,4269,
S38,4,Batas Turnitin & Plagiarisme,"Jika similarity Turnitin saya persis 20%, apakah skripsi saya lolos atau tidak?",0.3000,0.3000,1.0000,0.3913,297,284,326,3207,4116,
S39,4,Batas Turnitin & Plagiarisme,Saya mendapat similarity 25% karena banyak kutipan dari buku teks. Apakah ini bisa dimaklumi jika quotes di-exclude?,0.6000,0.1000,1.0000,0.2368,382,338,443,4371,5536,
S40,4,Batas Turnitin & Plagiarisme,Di mana saya bisa cek Turnitin dan siapa yang berwenang menerbitkan laporan similarity untuk keperluan pengumpulan skripsi?,0.6000,0.3000,0.9000,0.4909,313,324,328,3618,4585,
S41,5,Yudisium & Kelulusan Sarjana,Berapa total SKS yang harus saya selesaikan untuk bisa mengikuti yudisium sarjana di FTI UII?,0.6000,0.2000,1.0000,0.3913,320,272,352,2617,3563,
S42,5,Yudisium & Kelulusan Sarjana,Berapa persen maksimal nilai D yang diperbolehkan dari total SKS untuk lulus sarjana di FTI?,0.2000,0.0000,1.0000,0.0000,317,271,313,2862,3764,
S43,5,Yudisium & Kelulusan Sarjana,Saya masih punya satu nilai E di riwayat studi. Apakah saya bisa mengikuti yudisium?,0.6000,0.3000,1.0000,0.5000,292,267,322,4006,4889,
S44,5,Yudisium & Kelulusan Sarjana,Apakah sertifikat TOEFL diperlukan untuk yudisium? Berapa skor minimal yang disyaratkan?,0.6000,0.2000,1.0000,0.3913,321,299,314,3524,4459,
S45,5,Yudisium & Kelulusan Sarjana,Apa itu sertifikasi hafalan Al-Qur'an DPPAI dan apakah wajib untuk yudisium sarjana?,0.4000,0.3000,1.0000,0.4390,306,1013,337,5309,6967,
S46,5,Yudisium & Kelulusan Sarjana,Berapa batas maksimal masa studi S1 di UII FTI dan apa konsekuensinya jika melewati batas tersebut?,0.4000,0.3000,1.0000,0.4390,316,267,326,4294,5204,
S47,5,Yudisium & Kelulusan Sarjana,"Pada evaluasi semester 4, berapa minimal SKS dan IPK yang harus saya capai agar tidak dikeluarkan?",0.7000,0.4000,1.0000,0.6087,294,469,350,2696,3812,
S48,5,Yudisium & Kelulusan Sarjana,"Pada evaluasi semester 8, berapa minimal SKS yang harus sudah saya kumpulkan?",0.2000,0.3000,1.0000,0.3214,407,299,409,2492,3609,
S49,5,Yudisium & Kelulusan Sarjana,Saya punya 16 SKS nilai D dari total 144 SKS lulus. Apakah saya masih bisa yudisium?,0.6000,0.3000,1.0000,0.5000,410,321,414,3274,4422,
S50,5,Yudisium & Kelulusan Sarjana,"Saya sudah lulus 144 SKS dengan IPK 2.05, tidak ada nilai E, nilai D hanya 12 SKS, sudah lulus ujian skripsi, punya TOEFL 460 dari CILACS UII, dan sudah sertifikasi DPPAI. Apakah saya sudah memenuhi semua syarat yudisium?",0.6000,0.3000,1.0000,0.5000,365,357,487,4333,5544,
